{"info":{"_postman_id":"566ff5d3-7fce-45ce-a65c-b158a2cae808","name":"Drive","schema":"https://schema.getpostman.com/json/collection/v2.1.0/collection.json"},"item":[{"name":"Получить все диски пользователя","id":"a26923c8-7da2-47a5-af22-46bb0f13264d","protocolProfileBehavior":{"disableBodyPruning":true},"request":{"method":"GET","header":[],"url":{"raw":"{{host}}/{{path}}/data","host":["{{host}}"],"path":["{{path}}","data"]}},"response":[]},{"name":"Создать новый диск","id":"e2e18f5f-f5c8-4b3f-b6d5-d73a45858b62","protocolProfileBehavior":{"disableBodyPruning":true},"request":{"method":"POST","header":[],"body":{"mode":"raw","raw":"{\r\n    \"title\": \"Restricted disk\",\r\n    \"allowedTypes\": [\".png\", \".exe\"],\r\n    \"maxFileSize\": 1048576\r\n}","options":{"raw":{"language":"json"}}},"url":{"raw":"{{host}}/{{path}}/data","host":["{{host}}"],"path":["{{path}}","data"]}},"response":[]},{"name":"Удалить диск","id":"25e945f9-36b0-4c1d-acda-741f5fe376cc","protocolProfileBehavior":{"disableBodyPruning":true},"request":{"method":"DELETE","header":[],"url":{"raw":"{{host}}/{{path}}/data/35a35ace-c821-4f09-be39-4e43d012359e","host":["{{host}}"],"path":["{{path}}","data","35a35ace-c821-4f09-be39-4e43d012359e"]}},"response":[]},{"name":"Получить информацию о диске","id":"f4481fa4-1c16-4c0f-a0a7-565893df4477","protocolProfileBehavior":{"disableBodyPruning":true},"request":{"method":"GET","header":[],"url":{"raw":"{{host}}/{{path}}/info/46ccd8fa-19ce-430c-9915-064e73ef6cc8/","host":["{{host}}"],"path":["{{path}}","info","46ccd8fa-19ce-430c-9915-064e73ef6cc8",""]}},"response":[]}],"auth":{"type":"bearer","bearer":[{"key":"token","value":"{{access_token}}","type":"string"}]},"event":[{"listen":"prerequest","script":{"id":"77d838c1-e9ec-474d-8337-e6a2a5512500","type":"text/javascript","exec":[""]}},{"listen":"test","script":{"id":"a87571de-ab9e-44cb-b671-3b3d7d1c803f","type":"text/javascript","exec":[""]}}],"variable":[{"id":"bf77344d-7416-4ac5-bed8-f941661a02cf","key":"path","value":"drive","type":"string"}]}