{"info":{"_postman_id":"62113d5e-64af-44f9-8e0e-3c23e87f2311","name":"File","schema":"https://schema.getpostman.com/json/collection/v2.1.0/collection.json"},"item":[{"name":"Получить файл","id":"5b702bbc-fc8d-46cd-8694-eee41553e936","protocolProfileBehavior":{"disableBodyPruning":true},"request":{"method":"GET","header":[],"url":{"raw":"{{host}}/{{path}}/data/90667b1c-40ac-440c-95f5-c1ee2181338a/75695311-c2bb-499e-91f0-b6e01f30508a/0bf1b7a5-724d-48f1-b9d1-be02537582a1","host":["{{host}}"],"path":["{{path}}","data","90667b1c-40ac-440c-95f5-c1ee2181338a","75695311-c2bb-499e-91f0-b6e01f30508a","0bf1b7a5-724d-48f1-b9d1-be02537582a1"]}},"response":[]},{"name":"Загрузить файл","id":"45904fff-ecdf-45bd-81a8-6bda2f75cca2","protocolProfileBehavior":{"disableBodyPruning":true},"request":{"method":"POST","header":[],"body":{"mode":"formdata","formdata":[{"key":"file","type":"file","src":"/C:/Users/RomDmitriy/Desktop/Screenshot 2023-03-08 160421.png"}]},"url":{"raw":"{{host}}/{{path}}/data/35a35ace-c821-4f09-be39-4e43d012359e/e26620b8-83b5-40ce-a550-8ef071c96b0e","host":["{{host}}"],"path":["{{path}}","data","35a35ace-c821-4f09-be39-4e43d012359e","e26620b8-83b5-40ce-a550-8ef071c96b0e"]}},"response":[]},{"name":"Удалить файл","id":"9a8f1ce0-da0a-42bf-b64a-b118f41f4f4c","protocolProfileBehavior":{"disableBodyPruning":true},"request":{"method":"DELETE","header":[],"url":{"raw":"{{host}}/{{path}}/data/46ccd8fa-19ce-430c-9915-064e73ef6cc8/025698f0-522e-4eb2-9ffa-d9f3d00e0624","host":["{{host}}"],"path":["{{path}}","data","46ccd8fa-19ce-430c-9915-064e73ef6cc8","025698f0-522e-4eb2-9ffa-d9f3d00e0624"]}},"response":[]},{"name":"Получить информацию о файле","id":"d6c5d3e7-030c-4105-afa6-a38634a8a926","protocolProfileBehavior":{"disableBodyPruning":true},"request":{"method":"GET","header":[],"url":{"raw":"{{host}}/{{path}}/getFileInfo/3f8fa0ca-0d6d-41d0-bb3a-339df52a0acf/f45bea1b-feef-44c1-8009-b51d873c92f7","host":["{{host}}"],"path":["{{path}}","getFileInfo","3f8fa0ca-0d6d-41d0-bb3a-339df52a0acf","f45bea1b-feef-44c1-8009-b51d873c92f7"]}},"response":[]}],"auth":{"type":"bearer","bearer":[{"key":"token","value":"{{access_token}}","type":"string"}]},"event":[{"listen":"prerequest","script":{"id":"97d0f935-f0c6-4c92-8a58-861eb6256ba3","type":"text/javascript","exec":[""]}},{"listen":"test","script":{"id":"449c8fd9-11c5-44ea-9a78-827e6dccf704","type":"text/javascript","exec":[""]}}],"variable":[{"id":"cb91a7ea-f372-4d01-8be3-4f33306dede4","key":"path","value":"file","type":"string"}]}