{"info":{"_postman_id":"9223422a-cf24-41d6-a6a1-acc9a2038bf6","name":"Folder","schema":"https://schema.getpostman.com/json/collection/v2.1.0/collection.json"},"item":[{"name":"Получить содержимое папки","id":"44a8cd92-5222-437c-bfbb-08af82b3bbc1","protocolProfileBehavior":{"disableBodyPruning":true},"request":{"method":"GET","header":[],"url":{"raw":"{{host}}/{{path}}/data/35a35ace-c821-4f09-be39-4e43d012359e","host":["{{host}}"],"path":["{{path}}","data","35a35ace-c821-4f09-be39-4e43d012359e"]}},"response":[]},{"name":"Создать папку","id":"96db64c7-2df5-420d-969b-557e722ad3d6","protocolProfileBehavior":{"disableBodyPruning":true},"request":{"method":"POST","header":[],"body":{"mode":"raw","raw":"{\r\n    \"title\": \"NhsWgk jfolder\"\r\n}","options":{"raw":{"language":"json"}}},"url":{"raw":"{{host}}/{{path}}/data/35a35ace-c821-4f09-be39-4e43d012359e","host":["{{host}}"],"path":["{{path}}","data","35a35ace-c821-4f09-be39-4e43d012359e"]}},"response":[]},{"name":"Удалить папку","id":"cfa6d4e0-5ef7-4799-a92a-96a7ab9c827c","protocolProfileBehavior":{"disableBodyPruning":true},"request":{"method":"DELETE","header":[],"url":{"raw":"{{host}}/{{path}}/data/d56bc8bc-fd72-4e17-b202-e3e607a70063/","host":["{{host}}"],"path":["{{path}}","data","d56bc8bc-fd72-4e17-b202-e3e607a70063",""]}},"response":[]},{"name":"Получить информацию о папке","id":"602c10bc-07f4-416e-a341-6e83a8a548e8","protocolProfileBehavior":{"disableBodyPruning":true},"request":{"method":"GET","header":[],"url":{"raw":"{{host}}/{{path}}/info/46ccd8fa-19ce-430c-9915-064e73ef6cc8/5ee51d1f-9592-4ea4-bbf0-e5d554986583","host":["{{host}}"],"path":["{{path}}","info","46ccd8fa-19ce-430c-9915-064e73ef6cc8","5ee51d1f-9592-4ea4-bbf0-e5d554986583"]}},"response":[]}],"auth":{"type":"bearer","bearer":[{"key":"token","value":"{{access_token}}","type":"string"}]},"event":[{"listen":"prerequest","script":{"id":"7baa5da7-5669-4f58-a66a-df8c1ef40f4c","type":"text/javascript","exec":[""]}},{"listen":"test","script":{"id":"51f0c575-c0bb-47fa-85f4-4b341f8986fe","type":"text/javascript","exec":[""]}}],"variable":[{"id":"bfe686e5-a22f-420a-838a-50552c7ee354","key":"path","value":"folder","type":"string"}]}