{"info":{"_postman_id":"e3e0b125-9f95-4134-b64c-826375b2eeeb","name":"Auth","schema":"https://schema.getpostman.com/json/collection/v2.1.0/collection.json"},"item":[{"name":"Обновление токенов","event":[{"listen":"test","script":{"id":"7487b72c-1cc5-424b-a328-96084fa33cb2","exec":["const json = pm.response.json();\r","pm.globals.set('access_token', json.access_token);\r","pm.globals.set('refresh_token', json.refresh_token);"],"type":"text/javascript"}}],"id":"43517197-96a3-499e-b4f1-fc0d72e880d1","protocolProfileBehavior":{"disableBodyPruning":true},"request":{"auth":{"type":"bearer","bearer":[{"key":"token","value":"{{refresh_token}}","type":"string"}]},"method":"POST","header":[],"url":{"raw":"{{host}}/{{path}}/refresh","host":["{{host}}"],"path":["{{path}}","refresh"]}},"response":[]},{"name":"Регистрация","event":[{"listen":"test","script":{"id":"0214e131-526a-444a-adb3-56b9aa3255dd","exec":["const json = pm.response.json();\r","pm.globals.set('access_token', json.access_token);\r","pm.globals.set('refresh_token', json.refresh_token);"],"type":"text/javascript"}}],"id":"3b3c06e1-c0df-47e9-9b6a-d586e1109baa","protocolProfileBehavior":{"disableBodyPruning":true},"request":{"auth":{"type":"noauth"},"method":"POST","header":[],"body":{"mode":"raw","raw":"{\r\n    \"username\": \"test2\",\r\n    \"password\": \"test\"\r\n}","options":{"raw":{"language":"json"}}},"url":{"raw":"{{host}}/{{path}}/signup","host":["{{host}}"],"path":["{{path}}","signup"]}},"response":[]},{"name":"Логин","event":[{"listen":"test","script":{"id":"27c63752-1f73-4697-aa7d-6a183f099117","exec":["const json = pm.response.json();\r","pm.globals.set('access_token', json.access_token);\r","pm.globals.set('refresh_token', json.refresh_token);"],"type":"text/javascript"}}],"id":"a3b62b00-ef2a-429d-9b67-c31210363ae0","protocolProfileBehavior":{"disableBodyPruning":true},"request":{"auth":{"type":"noauth"},"method":"POST","header":[],"body":{"mode":"raw","raw":"{\r\n    \"username\": \"test\",\r\n    \"password\": \"test\"\r\n}","options":{"raw":{"language":"json"}}},"url":{"raw":"{{host}}/{{path}}/login","host":["{{host}}"],"path":["{{path}}","login"]}},"response":[]},{"name":"Выйти из аккаунта","event":[{"listen":"test","script":{"id":"df358b8f-f51b-4b9d-8289-3d44217dd623","exec":["pm.globals.set('access_token', '')\r","pm.globals.set('refresh_token', '')"],"type":"text/javascript"}}],"id":"1b7b4e62-8f87-410b-a160-588e7d27521a","protocolProfileBehavior":{"disableBodyPruning":true},"request":{"auth":{"type":"bearer","bearer":[{"key":"token","value":"{{access_token}}","type":"string"}]},"method":"POST","header":[],"url":{"raw":"{{host}}/{{path}}/logout","host":["{{host}}"],"path":["{{path}}","logout"]}},"response":[]}],"event":[{"listen":"prerequest","script":{"id":"35d3457a-4988-4491-acc4-05807adf5bfd","type":"text/javascript","exec":[""]}},{"listen":"test","script":{"id":"df24799e-3166-4bfa-8c40-ebc3c39c9c7d","type":"text/javascript","exec":[""]}}],"variable":[{"id":"8cc0a589-5feb-4353-b2a7-22874a4bd6cf","key":"path","value":"auth","type":"string"}]}